Producto,Unidades vendidas
Creatina Monohidratada Star Nutrition 300 Gr - Doypack,673
Omega 3 Max 1000 Epa + 500 Dha Innovanaturals 60caps Ifos Goed,424
Proteina De Suero Whey Protein Star Nutrition Doypack X 2 Lb,388
Suplemento En Polvo Star Nutrition Creatina 100% Pura En Pote De 1kg,136
Creatina Bsn Dna X 309grs - 60 Servicios Monohidrato,116
Suplemento En Polvo Ena Sport Creatina Micronizada Sabor Neutro En Sachet De 300g,94
Creatina Monohidrato 300 Grs Gold Nutrition Maxima Calidad Sabor Natural,87
Creatina Monohidrato Gold Nutrition 1kg Neutro Sin Sabor,82
Suplemento En Polvo Star Nutrition Platinum Whey Protein 907g,81
Creatina Monohidratada Star Nutrition 300 Gr - Doypack Sabor Frutos Rojos,69
Whey Protein 907G Body Advance Proteina De Suero Masa Muscular,65
"Salsa Picante ""La Rompe OGT"" x 60ml - Terapia Picante - Edición de El Bananero - Extra Picante",63
Colageno Hydrolizado X210 Gr. Suplemento- Star Nutrition,60
Creatina Monohidrato 150g Ena Sport Sin Sabor 2X1!!!!!,59
Zma Star Nutrition Zinc Magnesio Y Vitamina B6 X 90 Capsulas Sabor Sin Sabor,54
Citrato De Magnesio Ena Sport En Cápsulas 60 Caps Sabor Neutro,54
Proteina Platinum Whey Protein 3kg Star Nutrition,52
Suplemento En Polvo Star Nutrition Creatine Monohydrate 100% Pura Creatina En Pote De 300g,52
Citrato De Magnesio 500grs X 60 Capsulas - Star Nutrition,50
Pañales Pants Babysec Premium,49
Yerba Mate Baldo Original Brasil Premium 500g/1kg/5kg,47
Glicinato De Magnesio Innovanaturals X60 Caps.,41
Optimum Nutrition Creatina Micronizada. Suplemento En Polvo. Pote De 300g,39
Suplemento En Cápsulas Blandas Innovanaturals Omega 3 X 60g,38
Creatina Monohidrato Pura Sin Sabor 300g Body Advance,37
Aceite de Coco Virgen 360cc Entrenuts 3X1!!,35
Vaso Shaker Gold Nutrition Blanco,35
Omega 3 Fish Oil Aceite Pescado 60 Caps - Star Nutrition Sin Sabor,34
Suplemento Star Nutrition Ultramicronized Creatine Monohydrate De 500g - Polvo,33
Pasta Dental Sudanta Sri Sri Natural Vegan Libre Fluor 50gr 3X1!!!,33
Innovanaturals Omega 3 Rg Regular Aceite Pescado Concentrado,31
Mutant Mass 5 Kg Ganador De Masa Muscular Star Nutrition,31
Pump V8 Pre Workout Star Nutrition 285 Gr Cafeína Taurina,30
Colageno Sport Ena 407gr Magnesio Curcuma Acido Hialuronico Sabor Naranja,29
Innovanaturals Omega 3 Tg Aceite De Pescado,28
Bisglicinato De Magnesio 500 Mg X 60 Capsulas Sabor Neutro Labs Nutrition,28
Omega 3 Puro X 60 Cápsulas 600 Mg Sabor Neutro,27
Whey Protein 100% Gold Nutrition Suplemento en Polvo Doypack 2LB,27
"Multivitamin Ena Sport - Minerales, Vitaminas, Cafeína Sabor Neutro",27
Vino Cordero Con Piel De Lobo Malbec 750ml,27
Suplemento En Polvo Ena Sport Creatina Micronizada Sabor Fruit Punch En Sachet De 300g,26
Pasta Maní Entrenuts Natural X 370gr Sin Gluten Sin Tacc,26
Melaton 500 Mg Labs Nutrition Cápsulas 30 Unid Suplemento Sueño Sin Sabor,26
Creatina Pura Monohidratada 250g Natural Whey,26
Miel Cremosa Entrenuts Sin Tacc Kosher 500g,26
Proteína Vegana Gold Nutrition Vainilla 907g Polvo Vainilla,25
Vitamina K2+D3 X30caps Innovanaturals Sabor Sin Sabor,24
Vegetal Protein Isolate 2lbs 100% B12 Gold Nutrition Vegan Sabor Neutro,24
Suplemento En Polvo Ena Sport True Made Proteínas Double Rich En Pote De 930g,24
Cerveza Japi Chala Lager 473ml El Bananero,24
